{
    "accuracy": 0.8309266447393409,
    "precision": 0.8232843348646767,
    "recall": 0.8309266447393409,
    "f1": 0.8256093430810235,
    "roc_auc": 0.9206063680878596
}